GEOID,poly_id,order,lon,lat
06037206202,0,0,-118.23805118666507,34.05107485593154
06037206202,0,1,-118.23971018627854,34.052455856261304
06037206202,0,2,-118.23987918648966,34.051910855981006
06037206202,0,3,-118.24012718647077,34.0514048563651
06037206202,0,4,-118.2401841868189,34.051288855852015
06037206202,0,5,-118.24028318652945,34.051087855752066
06037206202,0,6,-118.2408681868628,34.05040985597626
06037206202,0,7,-118.24150618644877,34.049656855502384
06037206202,0,8,-118.24180718644917,34.04935085542155
06037206202,0,9,-118.24200318697716,34.0487568558924
06037206202,0,10,-118.24209218709225,34.04848885553488
06037206202,0,11,-118.24226018684321,34.0480388553914
06037206202,0,12,-118.24237418626727,34.04772185521631
06037206202,0,13,-118.24251618673227,34.04733085523479
06037206202,0,14,-118.24266618632173,34.04691785521405
06037206202,0,15,-118.24272518623019,34.04668885536498
06037206202,0,16,-118.24283618627332,34.046259855646134
06037206202,0,17,-118.24290318614723,34.04607285541953
06037206202,0,18,-118.24301418669053,34.045847855488205
06037206202,0,19,-118.24345418618269,34.044961855467655
06037206202,0,20,-118.24389718620964,34.04420485489251
06037206202,0,21,-118.24384318678828,34.0441858551272
06037206202,0,22,-118.24276118599848,34.043512855380186
06037206202,0,23,-118.24199518594581,34.04303585473651
06037206202,0,24,-118.2412281856766,34.042557855070605
06037206202,0,25,-118.24048718555902,34.042096854818055
06037206202,0,26,-118.23983918604351,34.04169385547581
06037206202,0,27,-118.23976618546487,34.04289985561642
06037206202,0,28,-118.2397131853598,34.043793855304905
06037206202,0,29,-118.239488185326,34.04365385517997
06037206202,0,30,-118.23812418533119,34.043277855343796
06037206202,0,31,-118.23805618507576,34.04439485555704
06037206202,0,32,-118.2380731859417,34.045542855917375
06037206202,0,33,-118.23809218588089,34.04690985558608
06037206202,0,34,-118.23809618577553,34.0471668557713
06037206202,0,35,-118.23811418606216,34.04841485559727
06037206202,0,36,-118.2381271857367,34.04899285566152
06037206202,0,37,-118.23810218552872,34.049663855851634
06037206202,0,38,-118.23807018655981,34.05054285638583
06037206202,0,39,-118.23805118666507,34.05107485593154
06037206301,0,0,-118.24499518655945,34.044585855275216
06037206301,0,1,-118.24565318688065,34.04481385499928
06037206301,0,2,-118.24579718666423,34.04490685496749
06037206301,0,3,-118.24658118681214,34.04541785465496
06037206301,0,4,-118.24758218749349,34.04606885479484
06037206301,0,5,-118.24854818781631,34.045034854920736
06037206301,0,6,-118.24900918796897,34.04459985462671
06037206301,0,7,-118.2504241880021,34.0432648550508
06037206301,0,8,-118.24924618698276,34.04243885417684
06037206301,0,9,-118.24854018708498,34.04194385415866
06037206301,0,10,-118.24748618675821,34.04120485441946
06037206301,0,11,-118.24739718684395,34.041142854700766
06037206301,0,12,-118.24704418713085,34.04167285463921
06037206301,0,13,-118.24655518726058,34.04240885497247
06037206301,0,14,-118.24645018725478,34.042566855038025
06037206301,0,15,-118.24617418737921,34.04286085511348
06037206301,0,16,-118.24585218666864,34.043242854578814
06037206301,0,17,-118.24499518655945,34.044585855275216
06037206302,0,0,-118.24389718620964,34.04420485489251
06037206302,0,1,-118.24499518655945,34.044585855275216
06037206302,0,2,-118.24585218666864,34.043242854578814
06037206302,0,3,-118.24617418737921,34.04286085511348
06037206302,0,4,-118.24645018725478,34.042566855038025
06037206302,0,5,-118.24655518726058,34.04240885497247
06037206302,0,6,-118.24704418713085,34.04167285463921
06037206302,0,7,-118.24739718684395,34.041142854700766
06037206302,0,8,-118.24677718657846,34.04070885412639
06037206302,0,9,-118.24549918676448,34.041926854536094
06037206302,0,10,-118.24525218662752,34.042264854885026
06037206302,0,11,-118.24456018706454,34.04322185453776
06037206302,0,12,-118.24389718620964,34.04420485489251
06037206303,0,0,-118.23812418533119,34.043277855343796
06037206303,0,1,-118.239488185326,34.04365385517997
06037206303,0,2,-118.2397131853598,34.043793855304905
06037206303,0,3,-118.23976618546487,34.04289985561642
06037206303,0,4,-118.23983918604351,34.04169385547581
06037206303,0,5,-118.24048718555902,34.042096854818055
06037206303,0,6,-118.2412281856766,34.042557855070605
06037206303,0,7,-118.24199518594581,34.04303585473651
06037206303,0,8,-118.24276118599848,34.043512855380186
06037206303,0,9,-118.24384318678828,34.0441858551272
06037206303,0,10,-118.24389718620964,34.04420485489251
06037206303,0,11,-118.24456018706454,34.04322185453776
06037206303,0,12,-118.24525218662752,34.042264854885026
06037206303,0,13,-118.24549918676448,34.041926854536094
06037206303,0,14,-118.24677718657846,34.04070885412639
06037206303,0,15,-118.24593118609809,34.040114854886475
06037206303,0,16,-118.24585918697029,34.04006485483335
06037206303,0,17,-118.2451601867145,34.039574854180984
06037206303,0,18,-118.24439018601436,34.039034854680004
06037206303,0,19,-118.24389818596147,34.038688854439705
06037206303,0,20,-118.24368418658608,34.0385388546231
06037206303,0,21,-118.2431831856339,34.03818685465143
06037206303,0,22,-118.24297618599134,34.03804185469875
06037206303,0,23,-118.24246918549306,34.03768585475778
06037206303,0,24,-118.2423241856496,34.03758485452681
06037206303,0,25,-118.24179918520032,34.037216854303146
06037206303,0,26,-118.24119018581548,34.03678885427946
06037206303,0,27,-118.24059118588123,34.036368853989735
06037206303,0,28,-118.24045118485728,34.036270854475205
06037206303,0,29,-118.23976718481138,34.03579085401794
06037206303,0,30,-118.23901318517858,34.03526185406492
06037206303,0,31,-118.23886318520879,34.03515585431552
06037206303,0,32,-118.23862318519662,34.03498785472633
06037206303,0,33,-118.23855518507527,34.036121854901765
06037206303,0,34,-118.23852418492156,34.0366388547725
06037206303,0,35,-118.23850718523242,34.03691685504394
06037206303,0,36,-118.23847718560779,34.03741085493658
06037206303,0,37,-118.23843318524473,34.03814185485198
06037206303,0,38,-118.23837418538719,34.03911685444265
06037206303,0,39,-118.23832718546359,34.03988885464408
06037206303,0,40,-118.23823518537574,34.041424855469586
06037206303,0,41,-118.23812418533119,34.043277855343796
06037207304,0,0,-118.24963818730126,34.04739485538222
06037207304,0,1,-118.2501741883369,34.04773685489548
06037207304,0,2,-118.25071318820598,34.04808385471888
06037207304,0,3,-118.25204418775742,34.04665285498531
06037207304,0,4,-118.25337918775023,34.04521785464361
06037207304,0,5,-118.25288418815676,34.04489885459763
06037207304,0,6,-118.252309187775,34.04452885429668
06037207304,0,7,-118.25202418816056,34.04483185502534
06037207304,0,8,-118.25175718776494,34.04511885506895
06037207304,0,9,-118.25140518774387,34.04549785504032
06037207304,0,10,-118.25097518841775,34.0459608547972
06037207304,0,11,-118.24963818730126,34.04739485538222
06037207307,0,0,-118.24758218749349,34.04606885479484
06037207307,0,1,-118.24804818759172,34.04637285534804
06037207307,0,2,-118.24854518747702,34.046695854964995
06037207307,0,3,-118.2490901876748,34.047043854842734
06037207307,0,4,-118.24963818730126,34.04739485538222
06037207307,0,5,-118.25097518841775,34.0459608547972
06037207307,0,6,-118.25044218752885,34.04561585507742
06037207307,0,7,-118.24993718774988,34.04527985453945
06037207307,0,8,-118.24900918796897,34.04459985462671
06037207307,0,9,-118.24854818781631,34.045034854920736
06037207307,0,10,-118.24758218749349,34.04606885479484
06037207502,0,0,-118.251093188821,34.05524585551769
06037207502,0,1,-118.25139918864524,34.05527285622629
06037207502,0,2,-118.25195718829602,34.0551928554403
06037207502,0,3,-118.25240318887859,34.05512885577132
06037207502,0,4,-118.25260318847319,34.05508985571704
06037207502,0,5,-118.25271018852663,34.05506085591701
06037207502,0,6,-118.25291818943815,34.0549718559532
06037207502,0,7,-118.25310918898492,34.054858855564206
06037207502,0,8,-118.25341318859326,34.0544388558937
06037207502,0,9,-118.25448218971717,34.05512585589762
06037207502,0,10,-118.25509818918756,34.05555085574875
06037207502,0,11,-118.25542418962762,34.055775855820684
06037207502,0,12,-118.25590918947971,34.05609185585771
06037207502,0,13,-118.25598818933173,34.056004855724616
06037207502,0,14,-118.25637618908915,34.05563385526499
06037207502,0,15,-118.25670918952474,34.055259855691816
06037207502,0,16,-118.25688618962685,34.05506085594476
06037207502,0,17,-118.25706818985014,34.05484885514336
06037207502,0,18,-118.25708718974991,34.05482685522056
06037207502,0,19,-118.25711118936256,34.05479885578401
06037207502,0,20,-118.25719918929933,34.05469585516943
06037207502,0,21,-118.25818418952738,34.053506855252856
06037207502,0,22,-118.2583411897081,34.05332485572007
06037207502,0,23,-118.25855919018295,34.053087855553244
06037207502,0,24,-118.25882218968545,34.05282085479725
06037207502,0,25,-118.25855419012053,34.05279085527833
06037207502,0,26,-118.25810319017552,34.052739854909426
06037207502,0,27,-118.25785018966323,34.05271185562412
06037207502,0,28,-118.25772018986885,34.05262785536428
06037207502,0,29,-118.25717018984565,34.05226985547819
06037207502,0,30,-118.25609318955016,34.05156985481986
06037207502,0,31,-118.254941189082,34.050824855245146
06037207502,0,32,-118.2539441882425,34.050180855399724
06037207502,0,33,-118.25285618798044,34.04947685540954
06037207502,0,34,-118.25178818868345,34.04878085554244
06037207502,0,35,-118.2504411882256,34.050225855819214
06037207502,0,36,-118.24910118789703,34.051662855307704
06037207502,0,37,-118.24843818784476,34.052373855983426
06037207502,0,38,-118.24776618787092,34.05309585572823
06037207502,0,39,-118.24847818761177,34.05355685618923
06037207502,0,40,-118.24883018790219,34.05378485594093
06037207502,0,41,-118.24990018790402,34.054476855450105
06037207502,0,42,-118.25096218866219,34.05516285616663
06037207502,0,43,-118.251093188821,34.05524585551769
06037208902,0,0,-118.27243419205453,34.05845685514272
06037208902,0,1,-118.27255619234427,34.058510854742934
06037208902,0,2,-118.27298319300958,34.05870185512878
06037208902,0,3,-118.27364719277635,34.05899785497373
06037208902,0,4,-118.2746951928309,34.0573908544252
06037208902,0,5,-118.27564419308705,34.05592785416957
06037208902,0,6,-118.27455519216768,34.055435855056196
06037208902,0,7,-118.27346719192352,34.05494485451341
06037208902,0,8,-118.27289319256764,34.05468585484298
06037208902,0,9,-118.27232119189624,34.054426854259354
06037208902,0,10,-118.27115319171132,34.05389885493078
06037208902,0,11,-118.27066419227124,34.054646854744746
06037208902,0,12,-118.2704201918665,34.05501985434843
06037208902,0,13,-118.27015119162064,34.05538485511114
06037208902,0,14,-118.26963919133564,34.0561668547866
06037208902,0,15,-118.26910719176121,34.056980855228595
06037208902,0,16,-118.26940019227342,34.05710385505333
06037208902,0,17,-118.26987419180305,34.05731485485701
06037208902,0,18,-118.27114719184648,34.05788285463923
06037208902,0,19,-118.27146419187814,34.058023855057655
06037208902,0,20,-118.27243419205453,34.05845685514272
06037208904,0,0,-118.267944192169,34.06087585546118
06037208904,0,1,-118.26844719206419,34.06108285600834
06037208904,0,2,-118.2687631922161,34.06122485565737
06037208904,0,3,-118.26892719199424,34.06129885518115
06037208904,0,4,-118.27021319267935,34.061878855296
06037208904,0,5,-118.27076119264643,34.061034855198585
06037208904,0,6,-118.2713101922076,34.06018885528867
06037208904,0,7,-118.27185919258903,34.05934285559363
06037208904,0,8,-118.27243419205453,34.05845685514272
06037208904,0,9,-118.27146419187814,34.058023855057655
06037208904,0,10,-118.27114719184648,34.05788285463923
06037208904,0,11,-118.26987419180305,34.05731485485701
06037208904,0,12,-118.26907519155804,34.05855185568933
06037208904,0,13,-118.26824919193594,34.05983385524314
06037208904,0,14,-118.2684101919681,34.059970855689
06037208904,0,15,-118.26848919150402,34.06003685516585
06037208904,0,16,-118.2681021919521,34.06063085548569
06037208904,0,17,-118.267944192169,34.06087585546118
06037209103,0,0,-118.26160719021507,34.05830385592577
06037209103,0,1,-118.26333419075357,34.05899685520069
06037209103,0,2,-118.26347419148313,34.05905385566221
06037209103,0,3,-118.26439819127759,34.05942585533259
06037209103,0,4,-118.2658331908407,34.05712185546766
06037209103,0,5,-118.26589419159404,34.05701285503703
06037209103,0,6,-118.26594619173177,34.05687985491389
06037209103,0,7,-118.26597819151996,34.05674185565562
06037209103,0,8,-118.2659891917737,34.05662285552151
06037209103,0,9,-118.26598419080403,34.056422855642325
06037209103,0,10,-118.26599919150715,34.05632885515925
06037209103,0,11,-118.2660321917312,34.056238854785335
06037209103,0,12,-118.26606319125352,34.0561808550354
06037209103,0,13,-118.26629619151652,34.0558038550729
06037209103,0,14,-118.26565019115743,34.05553385485658
06037209103,0,15,-118.26556019127733,34.05549585494037
06037209103,0,16,-118.26485719097049,34.05520185537099
06037209103,0,17,-118.26378419089758,34.054752855241965
06037209103,0,18,-118.26344919045094,34.05529385483344
06037209103,0,19,-118.26322319113382,34.05565985517079
06037209103,0,20,-118.26267919110282,34.05653885546138
06037209103,0,21,-118.26213619120985,34.05741885544711
06037209103,0,22,-118.26160719021507,34.05830385592577
06037209105,0,0,-118.2658331908407,34.05712185546766
06037209105,0,1,-118.26676919135349,34.05800585565321
06037209105,0,2,-118.2668301919629,34.0580878557575
06037209105,0,3,-118.26687319202344,34.05817685542687
06037209105,0,4,-118.26691019200807,34.05830985493043
06037209105,0,5,-118.26695519122947,34.05848285569424
06037209105,0,6,-118.26700919181626,34.05861985554709
06037209105,0,7,-118.26707919157253,34.05875085546942
06037209105,0,8,-118.26715919123394,34.05886785499698
06037209105,0,9,-118.26725319171851,34.05897785556002
06037209105,0,10,-118.26743819150798,34.05914385510813
06037209105,0,11,-118.26799319216184,34.059615855522736
06037209105,0,12,-118.26824919193594,34.05983385524314
06037209105,0,13,-118.26907519155804,34.05855185568933
06037209105,0,14,-118.26987419180305,34.05731485485701
06037209105,0,15,-118.26940019227342,34.05710385505333
06037209105,0,16,-118.26910719176121,34.056980855228595
06037209105,0,17,-118.26889219152432,34.05689085468222
06037209105,0,18,-118.26806719133613,34.05654585541087
06037209105,0,19,-118.26730819188829,34.0562278549561
06037209105,0,20,-118.26629619151652,34.0558038550729
06037209105,0,21,-118.26606319125352,34.0561808550354
06037209105,0,22,-118.2660321917312,34.056238854785335
06037209105,0,23,-118.26599919150715,34.05632885515925
06037209105,0,24,-118.26598419080403,34.056422855642325
06037209105,0,25,-118.2659891917737,34.05662285552151
06037209105,0,26,-118.26597819151996,34.05674185565562
06037209105,0,27,-118.26594619173177,34.05687985491389
06037209105,0,28,-118.26589419159404,34.05701285503703
06037209105,0,29,-118.2658331908407,34.05712185546766
06037209401,0,0,-118.28242219394717,34.058989854214545
06037209401,0,1,-118.28323219389634,34.059355854207475
06037209401,0,2,-118.28332219435799,34.05939585410643
06037209401,0,3,-118.28386619449213,34.05964085431421
06037209401,0,4,-118.28421019444247,34.059796854932046
06037209401,0,5,-118.28420019502315,34.05874385480519
06037209401,0,6,-118.28422419407262,34.05774685446878
06037209401,0,7,-118.28423719445726,34.05683985376861
06037209401,0,8,-118.2842501941892,34.055849854546366
06037209401,0,9,-118.28410819382216,34.05578585452565
06037209401,0,10,-118.28302019428249,34.055293854454604
06037209401,0,11,-118.28197619404368,34.054822853950895
06037209401,0,12,-118.28094719349828,34.054357854330895
06037209401,0,13,-118.2804761935372,34.054144854467125
06037209401,0,14,-118.28038919385108,34.054104854521675
06037209401,0,15,-118.2798961932223,34.053881854118224
06037209401,0,16,-118.27974919389992,34.05411085451998
06037209401,0,17,-118.27960819347105,34.05433085439408
06037209401,0,18,-118.27893719333642,34.05538285460133
06037209401,0,19,-118.27792919383043,34.05696085455197
06037209401,0,20,-118.27896819343603,34.05742985427141
06037209401,0,21,-118.27988319425926,34.05784285443788
06037209401,0,22,-118.28053019362986,34.05813585466785
06037209401,0,23,-118.28105419383846,34.05837185445757
06037209401,0,24,-118.2815461938044,34.05859385458709
06037209401,0,25,-118.28214319448844,34.05886385471268
06037209401,0,26,-118.28242219394717,34.058989854214545
06037209402,0,0,-118.27682919322872,34.05646285460413
06037209402,0,1,-118.27792919383043,34.05696085455197
06037209402,0,2,-118.27893719333642,34.05538285460133
06037209402,0,3,-118.27960819347105,34.05433085439408
06037209402,0,4,-118.27974919389992,34.05411085451998
06037209402,0,5,-118.2798961932223,34.053881854118224
06037209402,0,6,-118.27981619388949,34.05384885415202
06037209402,0,7,-118.27936719323644,34.05364485398266
06037209402,0,8,-118.27933319277307,34.05362985452735
06037209402,0,9,-118.27932019372072,34.05362385425371
06037209402,0,10,-118.27930419316922,34.05361585411283
06037209402,0,11,-118.27927019380904,34.05360085373573
06037209402,0,12,-118.27917619372944,34.05355785438914
06037209402,0,13,-118.27879219322567,34.05338385441255
06037209402,0,14,-118.27764919262741,34.05286785412865
06037209402,0,15,-118.27708719232537,34.052612854137834
06037209402,0,16,-118.27656119230947,34.05237585381051
06037209402,0,17,-118.27558319273264,34.053867854753115
06037209402,0,18,-118.27455519216768,34.055435855056196
06037209402,0,19,-118.27564419308705,34.05592785416957
06037209402,0,20,-118.27682919322872,34.05646285460413
06037209403,0,0,-118.27115319171132,34.05389885493078
06037209403,0,1,-118.27232119189624,34.054426854259354
06037209403,0,2,-118.27289319256764,34.05468585484298
06037209403,0,3,-118.27346719192352,34.05494485451341
06037209403,0,4,-118.27455519216768,34.055435855056196
06037209403,0,5,-118.27558319273264,34.053867854753115
06037209403,0,6,-118.27656119230947,34.05237585381051
06037209403,0,7,-118.27547319295176,34.05188485434478
06037209403,0,8,-118.27494719236067,34.05164785423011
06037209403,0,9,-118.27432519264592,34.05136685437374
06037209403,0,10,-118.27315719213834,34.05083885383863
06037209403,0,11,-118.27218019186265,34.052331854302096
06037209403,0,12,-118.27167519147426,34.05310185464295
06037209403,0,13,-118.27141219230275,34.053502854547396
06037209403,0,14,-118.27115319171132,34.05389885493078
06037222700,0,0,-118.28355819200598,34.02356385040432
06037222700,0,1,-118.28362319106775,34.02346785069482
06037222700,0,2,-118.28530119162934,34.02420785072306
06037222700,0,3,-118.28537019140174,34.024241850202856
06037222700,0,4,-118.28651619240914,34.02479485042352
06037222700,0,5,-118.2871071919887,34.02505485030134
06037222700,0,6,-118.28760919209269,34.02527585092891
06037222700,0,7,-118.28776119217257,34.02533285034892
06037222700,0,8,-118.2878551926283,34.02536185024023
06037222700,0,9,-118.28798319221181,34.02539385038872
06037222700,0,10,-118.28811319254825,34.025418850657296
06037222700,0,11,-118.28822819268514,34.025433850770106
06037222700,0,12,-118.28834519280923,34.02544385062005
06037222700,0,13,-118.28847219298095,34.02544685042427
06037222700,0,14,-118.29129719291235,34.025446850124915
06037222700,0,15,-118.29155019266067,34.025501850265584
06037222700,0,16,-118.29154919335949,34.02425485027764
06037222700,0,17,-118.29154919262395,34.023114849631654
06037222700,0,18,-118.29154919277208,34.02207985022222
06037222700,0,19,-118.29154819214861,34.02090985012732
06037222700,0,20,-118.29154819234118,34.01995785017102
06037222700,0,21,-118.29154719233554,34.018969849198704
06037222700,0,22,-118.2915471920582,34.0183748496258
06037222700,0,23,-118.29154719296952,34.018272849673
06037222700,0,24,-118.29154719284678,34.018161849754286
06037222700,0,25,-118.29083819202425,34.018138850020435
06037222700,0,26,-118.29012819256067,34.01813684965232
06037222700,0,27,-118.28867619203774,34.018162850008956
06037222700,0,28,-118.28294319096493,34.01815584998689
06037222700,0,29,-118.28277519137586,34.01816484964442
06037222700,0,30,-118.28273719041066,34.017609849959555
06037222700,0,31,-118.28277519143062,34.01755084961656
06037222700,0,32,-118.28277119070304,34.01658484969229
06037222700,0,33,-118.28277119076128,34.0165188496414
06037222700,0,34,-118.28276619095134,34.015669849864025
06037222700,0,35,-118.28250719108419,34.015750850158064
06037222700,0,36,-118.28196019090642,34.01575484991376
06037222700,0,37,-118.2815781909944,34.01575885006986
06037222700,0,38,-118.28122419098345,34.01576184980381
06037222700,0,39,-118.28110219032702,34.015759849496675
06037222700,0,40,-118.28111519077301,34.015624849495886
06037222700,0,41,-118.28107819055859,34.01562184972349
06037222700,0,42,-118.2809231899968,34.015604849801655
06037222700,0,43,-118.28071518993033,34.01558184975862
06037222700,0,44,-118.28063919003074,34.0159378500926
06037222700,0,45,-118.28054219016259,34.016309849946836
06037222700,0,46,-118.28043019021263,34.01667885003025
06037222700,0,47,-118.28034119085518,34.01693784971166
06037222700,0,48,-118.28019919034585,34.01730985013061
06037222700,0,49,-118.2801531903091,34.01741484981627
06037222700,0,50,-118.28013519007811,34.017457850356934
06037222700,0,51,-118.28002319004845,34.017715850200055
06037222700,0,52,-118.2798521902865,34.018068850145525
06037222700,0,53,-118.27976919094816,34.01822385042507
06037222700,0,54,-118.27965619041031,34.018433850329934
06037222700,0,55,-118.2796211901988,34.01849385064668
06037222700,0,56,-118.27946619075252,34.01875884988156
06037222700,0,57,-118.27901919002525,34.01946085082815
06037222700,0,58,-118.2781601904644,34.02081085028114
06037222700,0,59,-118.2780031907909,34.02105785052405
06037222700,0,60,-118.27818919056544,34.021141850261266
06037222700,0,61,-118.27821119061127,34.02115085091574
06037222700,0,62,-118.27871319056565,34.02137585059929
06037222700,0,63,-118.27999019096114,34.02192085050563
06037222700,0,64,-118.28018119113342,34.02206785069217
06037222700,0,65,-118.28231319104498,34.023012850533526
06037222700,0,66,-118.28355819200598,34.02356385040432
06037224702,0,0,-118.27448819047329,34.02747085108212
06037224702,0,1,-118.27467818999172,34.0275568512901
06037224702,0,2,-118.27489119074104,34.02765285178627
06037224702,0,3,-118.27601419081853,34.0281588514184
06037224702,0,4,-118.2765351911814,34.027341851491755
06037224702,0,5,-118.27668619061735,34.027105851095335
06037224702,0,6,-118.27703719032702,34.02655385096634
06037224702,0,7,-118.27733519079452,34.02608585079757
06037224702,0,8,-118.28105619111459,34.027729851223626
06037224702,0,9,-118.28175519115013,34.02671285063288
06037224702,0,10,-118.28321019217292,34.02735285078902
06037224702,0,11,-118.2833291914609,34.027389850731424
06037224702,0,12,-118.28345219223237,34.02741485081598
06037224702,0,13,-118.28352419174283,34.02742285141191
06037224702,0,14,-118.28361519147559,34.02742785121468
06037224702,0,15,-118.28396719150008,34.02742785138097
06037224702,0,16,-118.28398119220114,34.02643585082829
06037224702,0,17,-118.28397119215603,34.02566785036706
06037224702,0,18,-118.28396219166336,34.02551385059899
06037224702,0,19,-118.2839541913883,34.025432850746675
06037224702,0,20,-118.28393719135285,34.02532985039595
06037224702,0,21,-118.28379119168547,34.02444785039187
06037224702,0,22,-118.28378719169272,34.02432385078853
06037224702,0,23,-118.28380219175118,34.02420085049229
06037224702,0,24,-118.28383519147575,34.024079850742766
06037224702,0,25,-118.28387719150925,34.02397885099057
06037224702,0,26,-118.28392119210963,34.02389885035585
06037224702,0,27,-118.28400719118099,34.02376185086751
06037224702,0,28,-118.28372319207352,34.02363685084487
06037224702,0,29,-118.28355819200598,34.02356385040432
06037224702,0,30,-118.28231319104498,34.023012850533526
06037224702,0,31,-118.28018119113342,34.02206785069217
06037224702,0,32,-118.27999019096114,34.02192085050563
06037224702,0,33,-118.27871319056565,34.02137585059929
06037224702,0,34,-118.27821119061127,34.02115085091574
06037224702,0,35,-118.27818919056544,34.021141850261266
06037224702,0,36,-118.2780031907909,34.02105785052405
06037224702,0,37,-118.27769419020044,34.021543850451344
06037224702,0,38,-118.27754119041515,34.02180485066226
06037224702,0,39,-118.27741019038511,34.02204985117257
06037224702,0,40,-118.27707719022392,34.0227008511973
06037224702,0,41,-118.27627118996436,34.024276850791516
06037224702,0,42,-118.27610719004811,34.02458485127311
06037224702,0,43,-118.27595719063325,34.024840850866696
06037224702,0,44,-118.27583119000404,34.02503985123841
06037224702,0,45,-118.27574319053731,34.0251778510465
06037224702,0,46,-118.27535219044992,34.025794851432295
06037224702,0,47,-118.2749751904555,34.02638985110349
06037224702,0,48,-118.27494119031934,34.026443851724586
06037224702,0,49,-118.27484419029825,34.02661785142197
06037224702,0,50,-118.2747521903221,34.02679785106191
06037224702,0,51,-118.27466819064125,34.02697985185748
06037224702,0,52,-118.27459219021026,34.02716385112323
06037224702,0,53,-118.27448819047329,34.02747085108212
06037242600,0,0,-118.24626917717558,33.92949084184619
06037242600,0,1,-118.24626917783692,33.93032084225057
06037242600,0,2,-118.24627017808987,33.931135842037314
06037242600,0,3,-118.24627917794119,33.93207684221326
06037242600,0,4,-118.24628917771612,33.933030843087074
06037242600,0,5,-118.24629117797194,33.93318884261954
06037242600,0,6,-118.24630317836406,33.93481484289774
06037242600,0,7,-118.24629517824012,33.93553684311887
06037242600,0,8,-118.24632017781924,33.935530842908165
06037242600,0,9,-118.24676117788569,33.93540284281501
06037242600,0,10,-118.24706217818004,33.935350843325814
06037242600,0,11,-118.24755717822582,33.93529184314753
06037242600,0,12,-118.24837417890473,33.93529984290956
06037242600,0,13,-118.25165417857507,33.93528084264226
06037242600,0,14,-118.25367617969147,33.93526984213716
06037242600,0,15,-118.25421417998392,33.93526084254826
06037242600,0,16,-118.25421617948939,33.93512384285431
06037242600,0,17,-118.25423917910418,33.93312484244968
06037242600,0,18,-118.25426417964619,33.93097084201488
06037242600,0,19,-118.2542801785117,33.92946684177925
06037242600,0,20,-118.25333717838404,33.92946784211226
06037242600,0,21,-118.25287317850388,33.92946884216128
06037242600,0,22,-118.25222617893034,33.92946984198972
06037242600,0,23,-118.2493961778457,33.92947384214952
06037242600,0,24,-118.24928917829261,33.92947384252273
06037242600,0,25,-118.24834417842295,33.92947484220112
06037242600,0,26,-118.24741217834708,33.92947584206038
06037242600,0,27,-118.2472801782333,33.92947684214745
06037242600,0,28,-118.24626917717558,33.92949084184619
06037265304,0,0,-118.44898622337162,34.06853884595467
06037265304,0,1,-118.4490112232894,34.06857984598023
06037265304,0,2,-118.44907122323723,34.068663846310706
06037265304,0,3,-118.44915222335642,34.068750846370264
06037265304,0,4,-118.44924722284888,34.06882684604261
06037265304,0,5,-118.44934022242468,34.068884845780325
06037265304,0,6,-118.44972022261572,34.06905784649244
06037265304,0,7,-118.45065322352663,34.06948284620977
06037265304,0,8,-118.45074422315594,34.069528846566406
06037265304,0,9,-118.45085222292049,34.069600845937714
06037265304,0,10,-118.45130022354125,34.06999484582219
06037265304,0,11,-118.45139122357534,34.07006584622141
06037265304,0,12,-118.45147422368498,34.070116846101975
06037265304,0,13,-118.4516622237353,34.070211845936655
06037265304,0,14,-118.45205222398573,34.07040984577075
06037265304,0,15,-118.45237822337437,34.070574846193935
06037265304,0,16,-118.45247422374372,34.07061584643672
06037265304,0,17,-118.45257422399871,34.0706448465808
06037265304,0,18,-118.45267822410037,34.070661846616076
06037265304,0,19,-118.4527972232236,34.0706668458694
06037265304,0,20,-118.45291522355848,34.070655846464405
06037265304,0,21,-118.45303022408201,34.07062984579695
06037265304,0,22,-118.45312722365793,34.07059384598516
06037265304,0,23,-118.45324022412649,34.07053484643975
06037265304,0,24,-118.45270822396357,34.06977484603592
06037265304,0,25,-118.45263422393468,34.069695845789
06037265304,0,26,-118.45254922383455,34.06962384567745
06037265304,0,27,-118.452535223642,34.068221845559
06037265304,0,28,-118.45252822318683,34.06775784611797
06037265304,0,29,-118.45250822303811,34.06761784562046
06037265304,0,30,-118.45247222359819,34.06748084587132
06037265304,0,31,-118.45241822299305,34.0673468462412
06037265304,0,32,-118.45203522363866,34.0666228458067
06037265304,0,33,-118.45194322326248,34.06642484562661
06037265304,0,34,-118.45185522361919,34.06617384617979
06037265304,0,35,-118.45180622267875,34.065998845516155
06037265304,0,36,-118.45176822272903,34.065821845548925
06037265304,0,37,-118.45173422341094,34.065583845236766
06037265304,0,38,-118.45172122258445,34.06534384611164
06037265304,0,39,-118.4517282234083,34.065103845206245
06037265304,0,40,-118.45175522352895,34.06486584574045
06037265304,0,41,-118.4518022227797,34.06462884519164
06037265304,0,42,-118.45189322304901,34.06430884588758
06037265304,0,43,-118.451774223275,34.064303845781524
06037265304,0,44,-118.4513422225015,34.06426884588622
06037265304,0,45,-118.45124522251662,34.064277845954145
06037265304,0,46,-118.45115122284837,34.06429984571791
06037265304,0,47,-118.45106322299297,34.06433584550688
06037265304,0,48,-118.45104322238129,34.0643478457302
06037265304,0,49,-118.45097722233815,34.064388845260815
06037265304,0,50,-118.45090422259518,34.06445484526325
06037265304,0,51,-118.45084322271506,34.06453784578767
06037265304,0,52,-118.45080722257076,34.06461384539685
06037265304,0,53,-118.45078822333201,34.06468484562905
06037265304,0,54,-118.4507472233078,34.06531684532007
06037265304,0,55,-118.45072222290024,34.065411846117655
06037265304,0,56,-118.4506832225506,34.06549184528641
06037265304,0,57,-118.45062922317413,34.0655668454866
06037265304,0,58,-118.45051822247446,34.065677845704265
06037265304,0,59,-118.4503532226813,34.06583284564463
06037265304,0,60,-118.45027722336994,34.06590984618563
06037265304,0,61,-118.45017622338084,34.06603084561487
06037265304,0,62,-118.45009122294783,34.06616084578469
06037265304,0,63,-118.45003322275812,34.066274845788705
06037265304,0,64,-118.44998722299874,34.066391845546896
06037265304,0,65,-118.44973922273044,34.06728684599968
06037265304,0,66,-118.44916622333733,34.068400846487854
06037265304,0,67,-118.44912822280506,34.068444845767914
06037265304,0,68,-118.44898622337162,34.06853884595467
06037575803,0,0,-118.19373215681648,33.78259882908742
06037575803,0,1,-118.19441915762897,33.78259782878367
06037575803,0,2,-118.19472315757972,33.78259482852819
06037575803,0,3,-118.19507515773596,33.78259382860618
06037575803,0,4,-118.19506915695294,33.78139982877689
06037575803,0,5,-118.19506415705861,33.77897982835228
06037575803,0,6,-118.19506115721842,33.7782998283028
06037575803,0,7,-118.19505815672511,33.77775982782362
06037575803,0,8,-118.19506415724962,33.77708682792224
06037575803,0,9,-118.19506815636751,33.7765458281347
06037575803,0,10,-118.19506515672776,33.77587982779897
06037575803,0,11,-118.19506215721061,33.7753388277193
06037575803,0,12,-118.19441515628564,33.77534082826161
06037575803,0,13,-118.19374615689397,33.77534382805335
06037575803,0,14,-118.19372015649856,33.77534382843149
06037575803,0,15,-118.19304015669215,33.775346828479925
06037575803,0,16,-118.19239315675972,33.77534882806824
06037575803,0,17,-118.19238915585542,33.775883828130425
06037575803,0,18,-118.19238315650774,33.77655582798495
06037575803,0,19,-118.19238315620836,33.776569828384254
06037575803,0,20,-118.19238215649533,33.77708982807205
06037575803,0,21,-118.19238115657123,33.77776282882854
06037575803,0,22,-118.19238415631791,33.77829682891823
06037575803,0,23,-118.19238715606025,33.778976828097925
06037575803,0,24,-118.19239115624232,33.78081582853486
06037575803,0,25,-118.19239215635379,33.78140382871183
06037575803,0,26,-118.19239115662327,33.78199682918505
06037575803,0,27,-118.19239015672744,33.782596829007595
06037575803,0,28,-118.19303615708253,33.78259782863804
06037575803,0,29,-118.19373215681648,33.78259882908742
06037980014,0,0,-118.22458816546983,33.82438583189863
06037980014,0,1,-118.22461849955552,33.824385832124364
06037980014,0,2,-118.22468725270996,33.82438583189415
06037980014,0,3,-118.224688165444,33.82438583199437
06037980014,0,4,-118.22477316588011,33.824611832262704
06037980014,0,5,-118.22488716543448,33.82491783175945
06037980014,0,6,-118.22490216598334,33.824957831814714
06037980014,0,7,-118.22491771678706,33.825000411871564
06037980014,0,8,-118.22494416548534,33.825072831477506
06037980014,0,9,-118.22500216546457,33.82522683223068
06037980014,0,10,-118.22501616592191,33.82526483188188
06037980014,0,11,-118.22503914134072,33.825325312914615
06037980014,0,12,-118.22508416541622,33.825443831797784
06037980014,0,13,-118.22509816542473,33.825480831663754
06037980014,0,14,-118.22515416555018,33.82563083156992
06037980014,0,15,-118.22532202823437,33.82607979196361
06037980014,0,16,-118.22604816569486,33.82802183178888
06037980014,0,17,-118.22658775798182,33.82939943249387
06037980014,0,18,-118.22662270331857,33.82948864991189
06037980014,0,19,-118.22662316668692,33.82948983182537
06037980014,0,20,-118.22663416665735,33.8295358324763
06037980014,0,21,-118.22703916581692,33.82847183230907
06037980014,0,22,-118.22712416607745,33.828247831755874
06037980014,0,23,-118.2271641659678,33.8281448323734
06037980014,0,24,-118.22775516579794,33.826592831693766
06037980014,0,25,-118.22777716619285,33.82653483182228
06037980014,0,26,-118.22778416605848,33.826515831820174
06037980014,0,27,-118.22808916610646,33.825714831955764
06037980014,0,28,-118.22812116636949,33.82563183216738
06037980014,0,29,-118.22805316607759,33.82562783201644
06037980014,0,30,-118.22808311572507,33.82554665357173
06037980014,0,31,-118.22812916650395,33.82542183213764
06037980014,0,32,-118.22845116595936,33.82455283149418
06037980014,0,33,-118.22851516627485,33.82437983149083
06037980014,0,34,-118.228142412781,33.82422629474914
06037980014,0,35,-118.22807816659079,33.82419983172413
06037980014,0,36,-118.22795516564578,33.823599831154915
06037980014,0,37,-118.22784286129126,33.82305286067851
06037980014,0,38,-118.22753816610874,33.821568831374044
06037980014,0,39,-118.22638316550945,33.81586583120157
06037980014,0,40,-118.22569616531129,33.81247683047302
06037980014,0,41,-118.22548116435772,33.811417830319286
06037980014,0,42,-118.22544816465779,33.811254830354855
06037980014,0,43,-118.22539916453732,33.811012830255116
06037980014,0,44,-118.2253531645909,33.8109058303387
06037980014,0,45,-118.22429016400646,33.80842482993991
06037980014,0,46,-118.22428308301588,33.80840634142047
06037980014,0,47,-118.22420016461494,33.8081898303098
06037980014,0,48,-118.22413916438288,33.80801383011411
06037980014,0,49,-118.2241011645864,33.807891829959345
06037980014,0,50,-118.22406616420241,33.80775983006422
06037980014,0,51,-118.22401516369261,33.807549829659415
06037980014,0,52,-118.22398016415997,33.80736383014847
06037980014,0,53,-118.22397016403677,33.8072898302057
06037980014,0,54,-118.22396416417334,33.80724582960888
06037980014,0,55,-118.2239404255042,33.80705988217083
06037980014,0,56,-118.2239401640825,33.80705782991702
06037980014,0,57,-118.22393316370443,33.80697883002569
06037980014,0,58,-118.22393181029551,33.8069536461353
06037980014,0,59,-118.22392816381122,33.80688582955878
06037980014,0,60,-118.22392416357302,33.80680482994761
06037980014,0,61,-118.2239221642578,33.80671282998839
06037980014,0,62,-118.22392177770425,33.806707996806765
06037980014,0,63,-118.22392016446975,33.806687830307375
06037980014,0,64,-118.2239211642573,33.80660882996577
06037980014,0,65,-118.22392197777826,33.80658224560668
06037980014,0,66,-118.2239220175158,33.806580949160406
06037980014,0,67,-118.22392416412593,33.80651083017359
06037980014,0,68,-118.22392616419725,33.806474830033565
06037980014,0,69,-118.22393816419547,33.806427829994874
06037980014,0,70,-118.22395116381938,33.80623583002028
06037980014,0,71,-118.22395216420057,33.806223829954206
06037980014,0,72,-118.2239881637098,33.805950829742294
06037980014,0,73,-118.22404116406645,33.80567982990213
06037980014,0,74,-118.2240944532307,33.805475048166535
06037980014,0,75,-118.22411116402728,33.805410829511715
06037980014,0,76,-118.2241981644613,33.80514582989259
06037980014,0,77,-118.22422516359484,33.80507682938728
06037980014,0,78,-118.22426716411051,33.804972829540155
06037980014,0,79,-118.22429816445755,33.804893829224646
06037980014,0,80,-118.22431216372307,33.804877829281246
06037980014,0,81,-118.22432516392864,33.804846830062395
06037980014,0,82,-118.22444416419154,33.804590829940246
06037980014,0,83,-118.22458016445704,33.804340830007725
06037980014,0,84,-118.22719316442333,33.80010482925449
06037980014,0,85,-118.228207164312,33.79739382834999
06037980014,0,86,-118.2283491643802,33.796667828459356
06037980014,0,87,-118.22886816419081,33.79526882876102
06037980014,0,88,-118.22946416345549,33.793676828518855
06037980014,0,89,-118.22951616377998,33.7935398279891
06037980014,0,90,-118.22963316442744,33.79327182776184
06037980014,0,91,-118.22977316344763,33.79299882794134
06037980014,0,92,-118.2298039612088,33.79295384695091
06037980014,0,93,-118.22992516342113,33.79277682776753
06037980014,0,94,-118.23002623514971,33.79259776354074
06037980014,0,95,-118.2300521635845,33.79255182807859
06037980014,0,96,-118.230129164034,33.792622828028996
06037980014,0,97,-118.23027316411945,33.792776827971785
06037980014,0,98,-118.23050516417678,33.793023827576924
06037980014,0,99,-118.23324016470295,33.795940828506446
06037980014,0,100,-118.23348916523315,33.79620682854245
06037980014,0,101,-118.23356016537393,33.79628182806172
06037980014,0,102,-118.23362016456514,33.79634282860691
06037980014,0,103,-118.2336254930517,33.79637413401208
06037980014,0,104,-118.23362816497165,33.796389828619866
06037980014,0,105,-118.2336410203048,33.79639072501688
06037980014,0,106,-118.23367116440815,33.796392828336856
06037980014,0,107,-118.23369016476111,33.79642082841298
06037980014,0,108,-118.23482416483101,33.79762982845396
06037980014,0,109,-118.2354181652679,33.79826382822757
06037980014,0,110,-118.2374581660177,33.800446828162464
06037980014,0,111,-118.2374941663019,33.80048582861477
06037980014,0,112,-118.2375221661667,33.80048482859962
06037980014,0,113,-118.23758616601876,33.80023282846635
06037980014,0,114,-118.23765416552023,33.79992182828527
06037980014,0,115,-118.23946416545576,33.79502782792059
06037980014,0,116,-118.24006716558841,33.79339782719797
06037980014,0,117,-118.24034716519958,33.79263982745808
06037980014,0,118,-118.24084416547362,33.791295826816615
06037980014,0,119,-118.24116716608886,33.79042282753248
06037980014,0,120,-118.24149116555412,33.78954882658947
06037980014,0,121,-118.24181416603355,33.78867482686499
06037980014,0,122,-118.24194616519183,33.78831882708804
06037980014,0,123,-118.24261016506065,33.78652282630737
06037980014,0,124,-118.24261716544257,33.78650482619671
06037980014,0,125,-118.24292616575981,33.785666826703135
06037980014,0,126,-118.24315216518144,33.78505582637076
06037980014,0,127,-118.24317516608826,33.78499582597809
06037980014,0,128,-118.2432761656395,33.78473182605864
06037980014,0,129,-118.24349216559,33.784194825856716
06037980014,0,130,-118.24366116582365,33.78380382598907
06037980014,0,131,-118.2437961653597,33.783507826314
06037980014,0,132,-118.2440411650777,33.782993826148505
06037980014,0,133,-118.24421716587369,33.782645825930885
06037980014,0,134,-118.24446716570019,33.782177825985016
06037980014,0,135,-118.2446271659603,33.78188782557815
06037980014,0,136,-118.24474716582024,33.781680826134014
06037980014,0,137,-118.24509516509895,33.78108082603495
06037980014,0,138,-118.24515516573689,33.78095982602321
06037980014,0,139,-118.24517216513523,33.78090882553508
06037980014,0,140,-118.245387165282,33.780579825567784
06037980014,0,141,-118.24563116570104,33.780216826075
06037980014,0,142,-118.24588316604816,33.779856825304385
06037980014,0,143,-118.24622316613802,33.77939482592338
06037980014,0,144,-118.24640916565339,33.779149825614915
06037980014,0,145,-118.2466721657613,33.77881482567281
06037980014,0,146,-118.24696316565374,33.77845782501949
06037980014,0,147,-118.24725216600612,33.77811882548612
06037980014,0,148,-118.24746916524889,33.77787182525305
06037980014,0,149,-118.24787016575657,33.777429825649655
06037980014,0,150,-118.24806616534134,33.77721282560393
06037980014,0,151,-118.2484721654529,33.77679782559536
06037980014,0,152,-118.24894316545443,33.776337825383415
06037980014,0,153,-118.2494661662743,33.77585582517383
06037980014,0,154,-118.24979216555433,33.77556682529041
06037980014,0,155,-118.25030116567068,33.77513682515656
06037980014,0,156,-118.25073416601327,33.77478682504681
06037980014,0,157,-118.25121516585519,33.77441382492596
06037980014,0,158,-118.25153216646865,33.774178825020726
06037980014,0,159,-118.25196216651025,33.773869824644976
06037980014,0,160,-118.25277216649584,33.77330882476434
06037980014,0,161,-118.25339416660441,33.772921824080115
06037980014,0,162,-118.25353616597268,33.77283682482423
06037980014,0,163,-118.25381316608704,33.772618824479764
06037980014,0,164,-118.25464716655051,33.772063824047095
06037980014,0,165,-118.25514316656835,33.77177082410129
06037980014,0,166,-118.25526116659145,33.77171782400883
06037980014,0,167,-118.25572516609425,33.77160782430382
06037980014,0,168,-118.25630816676826,33.7715758239044
06037980014,0,169,-118.25759716669779,33.770915823674486
06037980014,0,170,-118.25781616645523,33.7707938243755
06037980014,0,171,-118.25781516680345,33.77077482364413
06037980014,0,172,-118.25781716645223,33.77072682401331
06037980014,0,173,-118.25818116725807,33.77053682369309
06037980014,0,174,-118.25838116678939,33.77043382372289
06037980014,0,175,-118.25870516685764,33.77022182346017
06037980014,0,176,-118.25902516708071,33.76997382383495
06037980014,0,177,-118.25903216657917,33.76995782414639
06037980014,0,178,-118.25905416686523,33.76995182414443
06037980014,0,179,-118.25971616754332,33.76942982394364
06037980014,0,180,-118.25987616744771,33.76930682402374
06037980014,0,181,-118.26030016730492,33.76898282384788
06037980014,0,182,-118.26089316691639,33.76850882382336
06037980014,0,183,-118.26075816668971,33.76677782357053
06037980014,0,184,-118.26073216204291,33.76644126715786
06037980014,0,185,-118.26073215864508,33.76644121577933
06037980014,0,186,-118.26072198110015,33.76630956734313
06037980014,0,187,-118.26072197662292,33.766309515966945
06037980014,0,188,-118.26071686309649,33.766243363654546
06037980014,0,189,-118.26071685861929,33.76624331227837
06037980014,0,190,-118.26071218257582,33.76618282228452
06037980014,0,191,-118.26071217809863,33.76618277090832
06037980014,0,192,-118.26010416619991,33.761082822675554
06037980014,0,193,-118.25895516672016,33.76052282286974
06037980014,0,194,-118.25356908497417,33.76105778818751
06037980014,0,195,-118.25356889182996,33.76105780752612
06037980014,0,196,-118.2534881648916,33.76106582339487
06037980014,0,197,-118.25242770584782,33.761439173546535
06037980014,0,198,-118.25242767457947,33.76143918443015
06037980014,0,199,-118.25207829591572,33.761562185296995
06037980014,0,200,-118.25207826680321,33.76156219527455
06037980014,0,201,-118.25161916476036,33.76172382333042
06037980014,0,202,-118.25153116495898,33.76174682350078
06037980014,0,203,-118.25147916488916,33.76177382319517
06037980014,0,204,-118.24546216465484,33.76389382365462
06037980014,0,205,-118.24545204142288,33.76390130246166
06037980014,0,206,-118.24545191756368,33.763901394667876
06037980014,0,207,-118.24506970971278,33.7641838058974
06037980014,0,208,-118.24498914763858,33.76424333229848
06037980014,0,209,-118.2445621639384,33.764558823681334
06037980014,0,210,-118.24269216376936,33.76594082469624
06037980014,0,211,-118.24215039866111,33.76635020096715
06037980014,0,212,-118.2421244694054,33.76636979418626
06037980014,0,213,-118.24180416335116,33.76661182459521
06037980014,0,214,-118.2413541544037,33.76695099922401
06037980014,0,215,-118.24135405962004,33.766951070633056
06037980014,0,216,-118.24126416380756,33.76701882419012
06037980014,0,217,-118.24084816362189,33.76733482494987
06037980014,0,218,-118.24076245640788,33.76739661440003
06037980014,0,219,-118.24076110667747,33.76739758712099
06037980014,0,220,-118.24059016367927,33.76752082502664
06037980014,0,221,-118.2405011659596,33.76760935594703
06037980014,0,222,-118.24050053736688,33.767609981947146
06037980014,0,223,-118.24039916343746,33.76771082505683
06037980014,0,224,-118.2403641639787,33.767736824991836
06037980014,0,225,-118.24036215196976,33.76773834985154
06037980014,0,226,-118.24036190100608,33.767738539669104
06037980014,0,227,-118.24023887317404,33.76783177119489
06037980014,0,228,-118.24023616320241,33.76783382482704
06037980014,0,229,-118.24016216363292,33.767888824675815
06037980014,0,230,-118.24010070717755,33.76793597077478
06037980014,0,231,-118.24009715500097,33.76793869500173
06037980014,0,232,-118.2400891642233,33.7679448249595
06037980014,0,233,-118.24003547439908,33.76798524291427
06037980014,0,234,-118.24001168416466,33.76800315190783
06037980014,0,235,-118.24000016334173,33.76801182483709
06037980014,0,236,-118.23974616331786,33.768202824809705
06037980014,0,237,-118.2359551632433,33.7710608248076
06037980014,0,238,-118.23158016226843,33.77432982562
06037980014,0,239,-118.23131616257805,33.77452682575531
06037980014,0,240,-118.23102519354464,33.77474438546759
06037980014,0,241,-118.23099338724758,33.77476816696769
06037980014,0,242,-118.230880162547,33.7748528256754
06037980014,0,243,-118.22830408084756,33.7768004487588
06037980014,0,244,-118.22751858800045,33.7773942840855
06037980014,0,245,-118.22685516187207,33.77789582688715
06037980014,0,246,-118.22669516264322,33.77801582687663
06037980014,0,247,-118.22201116205316,33.781540827088406
06037980014,0,248,-118.2217401614957,33.781744827555656
06037980014,0,249,-118.22089316118753,33.78238182702104
06037980014,0,250,-118.22068119724484,33.782541801615885
06037980014,0,251,-118.2206815166365,33.78254214540637
06037980014,0,252,-118.22076117271298,33.78262777512636
06037980014,0,253,-118.22076111766208,33.78262777883335
06037980014,0,254,-118.22076116205436,33.782627827433366
06037980014,0,255,-118.2215231615244,33.7834418271507
06037980014,0,256,-118.22159216131098,33.78351482778526
06037980014,0,257,-118.22194525189347,33.78389171987449
06037980014,0,258,-118.22240816217081,33.784385827741
06037980014,0,259,-118.2227636404436,33.784765872860675
06037980014,0,260,-118.22345016271301,33.78549982738254
06037980014,0,261,-118.22397216288061,33.78605682789972
06037980014,0,262,-118.2251871628515,33.78735382792896
06037980014,0,263,-118.22533916289568,33.78752082744023
06037980014,0,264,-118.22544216328836,33.78763082779727
06037980014,0,265,-118.22600416316001,33.78822582812547
06037980014,0,266,-118.22630216288293,33.78854382813616
06037980014,0,267,-118.22631216354445,33.78855482757622
06037980014,0,268,-118.22739116296171,33.78970682751098
06037980014,0,269,-118.2276251635248,33.789956828079156
06037980014,0,270,-118.22762511849733,33.78995694626199
06037980014,0,271,-118.22747516302039,33.79034882804598
06037980014,0,272,-118.22737916325018,33.79059882835015
06037980014,0,273,-118.22736054849217,33.790648130971945
06037980014,0,274,-118.22730516293069,33.79079482813051
06037980014,0,275,-118.22724573095194,33.79095011977729
06037980014,0,276,-118.22724316316727,33.79095682824514
06037980014,0,277,-118.22724054776602,33.79095591995318
06037980014,0,278,-118.22697816286677,33.790864827921276
06037980014,0,279,-118.22697810890543,33.79086523640659
06037980014,0,280,-118.22691487645714,33.79134510895949
06037980014,0,281,-118.22688816338722,33.791547828460125
06037980014,0,282,-118.22680921555245,33.79215243276594
06037980014,0,283,-118.22680916371236,33.792152827724564
06037980014,0,284,-118.22659822761045,33.792733254125
06037980014,0,285,-118.22587116383295,33.79473382814534
06037980014,0,286,-118.22576752931629,33.79502012015102
06037980014,0,287,-118.2254501636875,33.79589682882805
06037980014,0,288,-118.22503016309558,33.79706082879723
06037980014,0,289,-118.22434216326259,33.798950828859084
06037980014,0,290,-118.22370210318692,33.800705654051626
06037980014,0,291,-118.22365316331333,33.80083982926327
06037980014,0,292,-118.22328987649148,33.80184029536771
06037980014,0,293,-118.22255216384957,33.80387182984153
06037980014,0,294,-118.22246248007895,33.80411759494818
06037980014,0,295,-118.22244816313753,33.80415682988921
06037980014,0,296,-118.22244816351271,33.80415697142568
06037980014,0,297,-118.22244816308694,33.804166180355246
06037980014,0,298,-118.22244816379609,33.80445283001814
06037980014,0,299,-118.22244816392363,33.8045828296277
06037980014,0,300,-118.22244916385893,33.80635283016372
06037980014,0,301,-118.22245107413713,33.80815619882583
06037980014,0,302,-118.22245116350457,33.80824082979536
06037980014,0,303,-118.22245416461598,33.81188383044422
06037980014,0,304,-118.22245416397487,33.81245674537775
06037980014,0,305,-118.22245416420195,33.812456831020924
06037980014,0,306,-118.22275516428503,33.81271783099424
06037980014,0,307,-118.22275868856555,33.81271994573124
06037980014,0,308,-118.22278016417734,33.81273283097156
06037980014,0,309,-118.22277325146096,33.81278220781744
06037980014,0,310,-118.2227731645546,33.812782830922586
06037980014,0,311,-118.22277251020462,33.812808508979764
06037980014,0,312,-118.22276916414955,33.81293983021781
06037980014,0,313,-118.22335116425175,33.815815830709106
06037980014,0,314,-118.22451616489765,33.82157283157074
06037980014,0,315,-118.22458216575524,33.82157283111799
06037980014,0,316,-118.22458192144617,33.82157759786936
06037980014,0,317,-118.22458016499569,33.82161183156848
06037980014,0,318,-118.22458016560819,33.8216548319034
06037980014,0,319,-118.22458016532843,33.82173583188761
06037980014,0,320,-118.22457916508795,33.821944831366
06037980014,0,321,-118.22458311886471,33.82213708863979
06037980014,0,322,-118.22459516526146,33.82272283199358
06037980014,0,323,-118.22460216570644,33.82348783163332
06037980014,0,324,-118.22461516545067,33.82420683219109
06037980014,0,325,-118.22461616585433,33.82429283192548
06037980014,0,326,-118.2245881660221,33.82429283185403
06037980014,0,327,-118.22458816546983,33.82438583189863
